DocID,ProductID,ProductInformation,SolutionSteps,TechnicalTags,DocumentType
DOC001,P1,infoblox ipam  version 8 4 1  nios grid platform,step 1  access the infoblox grid manager web interface with administrative credentials  nstep 2  navigate to data management   dhcp   networks to review current network definitions  nstep 3  export current dhcp scope configurations to identify overlap issues  nstep 4  create reserved ip ranges for static assignments in each network  nstep 5  update dhcp scope boundaries to prevent overlap with static ranges  nstep 6  document all statically assigned addresses in the ip address management system  nstep 7  create ip address allocation policies based on device types and network segments  nstep 8  implement network discovery to identify unauthorized or undocumented ip usage  nstep 9  configure address conflict detection and notification in dhcp servers  nstep 10  validate configuration by testing ip assignment processes in each scope ,"ip-management, dhcp, infoblox, addressing, conflict-resolution",Troubleshooting Guide
DOC002,P2,oracle database 19c enterprise edition  version 19 11 0 0  enterprise database platform,step 1  stop all services accessing the authentication database to prevent further corruption  nstep 2  use rman to identify the extent of database corruption  validate database command   nstep 3  determine most recent valid backup using catalog information  nstep 4  restore database files from backup to staging environment  nstep 5  apply archived redo logs to recover transactions up to the point of corruption  nstep 6  perform database integrity checks using dbverify utility  nstep 7  replace corrupted database files with recovered copies  nstep 8  restart database services and verify authentication functionality  nstep 9  implement enhanced database monitoring with corruption detection capabilities  nstep 10  configure more frequent archive log backups to minimize potential data loss  nstep 11  document recovery procedure for future reference ,"database, oracle, corruption, recovery, authentication",Disaster Recovery Procedure
DOC003,P3,cisco ncs 5500 series  ios xr 7 3 2  carrier grade router,step 1  connect to router using secure administrative access methods  nstep 2  enter configuration mode and review current bgp configuration  nstep 3  identify incorrect as path prepending and community string settings  nstep 4  document current peer relationships and route policy configurations  nstep 5  modify bgp configuration to implement proper route advertisements  nstep 6  configure appropriate maxprefix limits for all bgp peering sessions  nstep 7  implement route dampening to suppress route flapping  nstep 8  apply configuration changes with proper validation  nstep 9  monitor bgp session stability and routing table consistency  nstep 10  document optimal bgp configuration templates for future implementations ,"bgp, routing, cisco, as-path, route-policy, ncs5500",Configuration Guide
DOC004,P4,border gateway protocol  rfc 4271  internet routing protocol,step 1  identify affected bgp peering sessions through monitoring and logs  nstep 2  verify physical and logical connectivity to upstream providers  nstep 3  check bgp session status and routing table entries  nstep 4  coordinate with provider noc to determine nature of backbone issue  nstep 5  implement temporary routing policy changes to prefer alternate providers  nstep 6  configure conditional route advertisements based on path availability  nstep 7  establish bgp multihoming with appropriate path selection attributes  nstep 8  test failover scenarios to validate resilience during provider outages  nstep 9  document bgp peer relationships and expected routing behavior  nstep 10  implement bgp monitoring with alerting for session state changes ,"bgp, routing, isp, multihoming, path-selection",Best Practice Document
DOC005,P5,apache tomcat 9 0 58  java web application server,step 1  identify symptoms of memory leak through application monitoring  nstep 2  capture heap dumps using jmap or similar java diagnostic tools  nstep 3  analyze heap dumps with tools like eclipse mat to identify object retention  nstep 4  review application code focusing on resource handling and object cleanup  nstep 5  implement temporary mitigation by increasing jvm heap allocation  nstep 6  configure proper garbage collection settings appropriate for application workload  nstep 7  apply code fixes for proper object disposal and resource management  nstep 8  implement memory utilization monitoring with trending and alerting  nstep 9  establish baseline memory usage patterns for normal operation  nstep 10  configure jvm restart policies for emergency recovery when leaks are detected ,"memory-leak, java, tomcat, application, heap-analysis",Troubleshooting Guide
DOC006,P6,network time protocol  ntp   rfc 5905  time synchronization service,step 1  identify time synchronization issues through log analysis and system clock verification  nstep 2  document current time sources and ntp hierarchy across network  nstep 3  select authoritative time sources preferably with hardware based time references  nstep 4  configure primary and backup ntp servers with appropriate stratum levels  nstep 5  implement proper ntp authentication using symmetric keys  nstep 6  configure client systems to use multiple time sources with appropriate polling intervals  nstep 7  force immediate time synchronization using ntpdate or equivalent commands  nstep 8  monitor time offset between systems with alerting for excessive variances  nstep 9  document ntp architecture with clear hierarchy and failover paths  nstep 10  establish maximum allowable time skew thresholds appropriate for applications ,"ntp, synchronization, time-services, kerberos, authentication",Configuration Guide
DOC007,P7,veeam backup   replication v11  data protection platform,step 1  document current backup job configuration and dependencies  nstep 2  identify proper startup and shutdown sequence for veeam services  nstep 3  verify database integrity using built in consistency check tools  nstep 4  restore configuration database from known good backup if corruption detected  nstep 5  implement proper maintenance window procedures with validation checkpoints  nstep 6  configure service dependencies to ensure proper startup ordering  nstep 7  test backup job execution and monitoring functionality after maintenance  nstep 8  document recovery time objectives and backup completion windows  nstep 9  create maintenance mode procedure to properly quiesce backup activities  nstep 10  establish verification process for critical system status post maintenance ,"backup, veeam, database, maintenance, recovery",Maintenance Procedure
DOC008,P8,f5 big ip 2000s  tmos 15 1 4  application delivery controller,step 1  review current load balancer configuration including virtual servers and pools  nstep 2  examine health monitoring settings for backend application servers  nstep 3  analyze traffic distribution patterns through statistics interface  nstep 4  adjust health check thresholds to appropriate values for application behavior  nstep 5  configure proper connection persistence based on application requirements  nstep 6  implement application aware health monitoring with content verification  nstep 7  set appropriate load balancing algorithm based on application architecture  nstep 8  configure connection throttling to prevent server overload conditions  nstep 9  implement advanced monitoring for load balancer performance metrics  nstep 10  document optimal configuration for specific application workloads ,"load-balancer, f5, big-ip, application-delivery, health-monitoring",Configuration Guide
DOC009,P9,cisco asr 1001 x  open shortest path first  ospf   rfc 2328  interior gateway protocol,step 1  document current ospf configuration across network infrastructure  nstep 2  identify suboptimal timer settings affecting convergence speed  nstep 3  adjust hello and dead intervals appropriate for network stability requirements  nstep 4  configure ospf areas with proper route summarization boundaries  nstep 5  implement graceful restart features to minimize convergence impact  nstep 6  deploy bidirectional forwarding detection for faster failure detection  nstep 7  configure proper authentication for ospf adjacencies using md5  nstep 8  optimize ospf cost metrics to reflect actual link capabilities  nstep 9  test convergence time with controlled interface shutdown scenarios  nstep 10  document optimal ospf parameter settings for different network segments ,"ospf, routing, convergence, network-design, timer-optimization",Best Practice Document
DOC010,P10,bind 9 16 27  dns server implementation,step 1  verify current zone file configurations and syntax  nstep 2  identify corrupted or improperly formatted zone entries  nstep 3  restore zone files from known good backups where available  nstep 4  implement zone file syntax validation before deployment  nstep 5  configure proper zone transfer security using tsig authentication  nstep 6  implement dnssec for critical domains with appropriate key management  nstep 7  configure monitoring for dns query performance and resolution success rates  nstep 8  establish proper dns hierarchy with clear primary and secondary server roles  nstep 9  implement split horizon dns where appropriate for security  nstep 10  document dns architecture with zone responsibilities and update procedures ,"dns, bind, resolution, zone-management, dnssec",Configuration Guide
DOC011,P11,microsoft windows server 2019  dns server role,step 1  identify impacted dns servers through client resolution testing  nstep 2  review dns event logs for error messages and corruption indicators  nstep 3  verify zone data integrity using dns management console  nstep 4  restore affected zones from active directory replication or backup  nstep 5  implement dns security features including response rate limiting  nstep 6  configure proper forwarding and delegation relationships  nstep 7  optimize zone transfer settings for appropriate replication frequency  nstep 8  implement dns analytics and monitoring for query pattern analysis  nstep 9  configure dns policies for intelligent client steering where appropriate  nstep 10  document windows dns deployment with security best practices ,"dns, windows-server, active-directory, zone-transfer, microsoft",Troubleshooting Guide
DOC012,P12,cisco protocol independent multicast  pim  routing  rfc 7761  multicast routing protocol,step 1  document current multicast implementation including source and group addresses  nstep 2  verify pim configuration on all routers in the multicast path  nstep 3  identify rendezvous point  rp  assignment methodology and current configuration  nstep 4  implement anycast rp for improved redundancy where appropriate  nstep 5  configure multicast boundaries to control scope of traffic propagation  nstep 6  optimize pim timers for appropriate convergence requirements  nstep 7  implement ssm  source specific multicast  for known sources  nstep 8  configure multicast qos to ensure proper treatment of stream traffic  nstep 9  deploy multicast monitoring tools with specific focus on packet loss metrics  nstep 10  document optimal multicast design with clear rp assignment strategy ,"multicast, pim, routing, streaming, rendezvous-point",Configuration Guide
DOC013,P13,cisco identity services engine v3 1  network access control platform,step 1  identify indicators of compromise through security monitoring logs  nstep 2  isolate affected systems through dynamic vlan assignment  nstep 3  implement emergency network segmentation to contain lateral movement  nstep 4  capture network traffic for forensic analysis and attack vector identification  nstep 5  deploy updated security signatures to endpoint protection platforms  nstep 6  enhance network segmentation with proper access control enforcement  nstep 7  implement enhanced authentication requirements for sensitive systems  nstep 8  deploy behavior based anomaly detection for early warning of suspicious activity  nstep 9  conduct security awareness training focusing on attack prevention  nstep 10  document incident response procedure for similar security events ,"security, malware, cisco, ise, network-access-control",Incident Response Procedure
DOC014,P14,digicert certificate management  public key infrastructure,step 1  identify all ssl certificates in the environment through network scanning  nstep 2  document certificate attributes including issuance date  expiration  and key length  nstep 3  implement centralized certificate management platform with inventory capabilities  nstep 4  configure automated expiration notifications with appropriate lead time  nstep 5  establish multiple notification recipients to prevent single points of failure  nstep 6  implement automated certificate renewal where supported by certificate authority  nstep 7  create certificate ownership matrix with role based assignments  nstep 8  configure monitoring for certificate validity and expiration status  nstep 9  establish emergency certificate renewal procedure for critical services  nstep 10  document certificate deployment procedures specific to different services ,"certificate, ssl, security, pki, digicert",Best Practice Document
DOC015,P15,cisco asr 9922  ios xr 7 5 2  core router platform,step 1  connect to router console port using appropriate terminal settings  nstep 2  perform hardware diagnostics using admin diagnostic commands  nstep 3  identify failed components through led indicators and diagnostic output  nstep 4  properly power down affected equipment following safety procedures  nstep 5  replace faulty power supply module according to vendor instructions  nstep 6  verify proper seating and connection of all replaceable components  nstep 7  power up router following appropriate sequence for chassis type  nstep 8  verify hardware status through show platform and show environment commands  nstep 9  confirm normal operation of routing protocols and interface status  nstep 10  implement enhanced monitoring for power system health metrics ,"router, cisco, hardware, power-supply, asr9000",Hardware Replacement Guide
DOC016,P16,microsoft active directory domain services  windows server 2022,step 1  identify symptoms of database corruption through authentication failure patterns  nstep 2  boot affected domain controller into directory services restore mode  dsrm   nstep 3  run semantic database analysis using ntdsutil to identify corruption extent  nstep 4  perform authoritative restoration from backup using appropriate commands  nstep 5  force replication to all secondary domain controllers in the environment  nstep 6  verify kerberos ticket granting service operation through testing  nstep 7  reset machine account passwords for affected systems if necessary  nstep 8  implement enhanced monitoring for authentication success rates  nstep 9  configure database consistency checking on regular intervals  nstep 10  document recovery procedures specific to environment architecture ,"active-directory, microsoft, authentication, database, ntds",Disaster Recovery Procedure
DOC017,P17,cisco isr 4451  internet protocol version 6  ipv6   rfc 8200  network layer protocol,step 1  identify ipv6 connectivity issues through end to end path testing  nstep 2  verify icmpv6 filtering policies on security devices in the path  nstep 3  configure appropriate permissions for essential icmpv6 message types  nstep 4  optimize path mtu discovery settings on routers and endpoints  nstep 5  implement proper ipv6 security controls without blocking required functionality  nstep 6  configure dual stack monitoring with specific focus on ipv6 metrics  nstep 7  establish appropriate ipv6 address allocation methodology for environment  nstep 8  implement transition mechanisms where required for legacy compatibility  nstep 9  deploy ipv6 specific security monitoring with appropriate alerting  nstep 10  document comprehensive ipv6 architecture and security standards ,"ipv6, networking, security, pmtud, icmpv6",Best Practice Document
DOC018,P18,cisco nexus 93180yc fx  nx os 9 3 8   data center switch,step 1  access switch management interface and review current vlan configuration  nstep 2  document existing vlan assignments and trunking configuration  nstep 3  identify overlapping or inconsistent vlan definitions across the network  nstep 4  create standardized vlan design with clear segmentation boundaries  nstep 5  implement configuration changes with proper change control procedures  nstep 6  verify vlan propagation through spanning tree domain  nstep 7  test inter vlan routing functionality after configuration changes  nstep 8  deploy configuration management system for network devices  nstep 9  establish standard vlan naming and numbering convention  nstep 10  document updated vlan architecture with purpose and scope definitions ,"vlan, cisco, nexus, configuration, datacenter",Configuration Guide
DOC019,P19,cisco nexus 93180yc ex  nx os 9 3 7   top of rack switch,step 1  connect to switch console port using appropriate terminal settings  nstep 2  run hardware diagnostics to identify specific component failures  nstep 3  properly power down affected switch following safety procedures  nstep 4  replace fabric modules according to vendor documentation  nstep 5  verify proper seating of all replaceable components  nstep 6  power up switch following recommended sequence  nstep 7  load configuration from backup or management system  nstep 8  verify interface status and protocol operation  nstep 9  re establish connectivity to affected servers and network segments  nstep 10  implement enhanced monitoring for switch fabric health ,"switch, datacenter, cisco, hardware, nexus",Hardware Replacement Guide
DOC020,P20,cisco catalyst 9600 series  link aggregation control protocol  lacp   ieee 802 3ad  link bundling protocol,step 1  document current link aggregation configuration across all participating devices  nstep 2  identify inconsistencies in lacp negotiation parameters between devices  nstep 3  standardize lacp settings including system priority and port priority values  nstep 4  configure consistent mode settings  active passive  on all participating ports  nstep 5  implement appropriate load distribution algorithm based on traffic patterns  nstep 6  verify proper negotiation and bundle formation through show commands  nstep 7  test traffic distribution across aggregated links using appropriate tools  nstep 8  implement link state monitoring with appropriate alerting thresholds  nstep 9  document standard operating procedure for lacp implementation  nstep 10  create troubleshooting guide for link aggregation issues ,"lacp, link-aggregation, redundancy, ethernet, networking",Configuration Guide
DOC021,P21,cisco catalyst 9300  ios xe 17 6 3  access switch,step 1  identify specific firmware version causing compatibility issues  nstep 2  verify current firmware version on affected switches  nstep 3  download appropriate previous stable firmware version  nstep 4  establish console access to affected switches for recovery  nstep 5  perform emergency firmware downgrade following vendor procedures  nstep 6  verify proper operation of poe controller after downgrade  nstep 7  test power delivery to connected devices across various power classes  nstep 8  develop phased upgrade plan with extended testing in lab environment  nstep 9  document firmware compatibility matrix for switch models  nstep 10  implement change management procedures for firmware updates ,"firmware, switch, cisco, catalyst, poe",Firmware Management Guide
DOC022,P22,cisco catalyst 9500  ios xe 17 9 2  core switch,step 1  identify firmware incompatibility symptoms through device logs and behavior  nstep 2  establish console access to affected devices for management  nstep 3  determine compatible firmware version through vendor documentation  nstep 4  download appropriate firmware files to accessible tftp scp server  nstep 5  perform controlled downgrade procedure following vendor guidelines  nstep 6  verify proper device operation after firmware change  nstep 7  test management platform integration with adjusted firmware  nstep 8  create compatibility matrix documenting tested version combinations  nstep 9  implement pre deployment testing protocol for firmware updates  nstep 10  document firmware validation procedure for production deployment ,"firmware, management, cisco, compatibility, catalyst",Troubleshooting Guide
DOC023,P23,cisco quality of service  qos   diffserv architecture  traffic management,step 1  document current qos configuration across network infrastructure  nstep 2  identify traffic classification and marking methodology in use  nstep 3  verify queuing strategies appropriate for different traffic types  nstep 4  configure proper priority queuing for real time application traffic  nstep 5  implement appropriate bandwidth reservation for critical applications  nstep 6  configure traffic shaping and policing where appropriate  nstep 7  optimize buffer allocation for different queue types based on traffic characteristics  nstep 8  verify end to end qos behavior through testing and monitoring  nstep 9  implement enhanced monitoring for application quality metrics  nstep 10  create qos design document with standard configurations ,"qos, voice, traffic-management, differentiated-services, prioritization",Best Practice Document
DOC024,P24,cisco firepower threat defense 7 0 1  next generation firewall,step 1  document current firewall policy configuration and deployment methodology  nstep 2  identify ci cd pipeline components responsible for policy deployment  nstep 3  analyze syntax errors in automated configuration templates  nstep 4  implement proper error handling in configuration parsing scripts  nstep 5  develop enhanced validation checks for firewall rule consistency  nstep 6  create testing methodology for configuration changes before deployment  nstep 7  implement staged deployment approach for policy changes  nstep 8  configure audit logging for all configuration changes with user attribution  nstep 9  establish formal change management procedures for security policies  nstep 10  document best practices for automated security policy deployment ,"firewall, cisco, automation, configuration, ci-cd",Configuration Guide
DOC025,P25,spanning tree protocol  stp   ieee 802 1d w s  loop prevention protocol,step 1  document current spanning tree topology including root bridge assignment  nstep 2  identify unauthorized equipment causing bridging loops  nstep 3  implement bpdu guard on all access ports to prevent unauthorized bridges  nstep 4  configure root guard on appropriate ports to maintain topology stability  nstep 5  optimize stp timers appropriate for network size and convergence requirements  nstep 6  implement modern stp variants  rstp mst  where supported for faster convergence  nstep 7  configure storm control on all edge ports with appropriate thresholds  nstep 8  establish clear root bridge election strategy with primary and backup devices  nstep 9  implement network access control to prevent unauthorized devices  nstep 10  document spanning tree design with topology diagrams and expected behavior ,"spanning-tree, switch, network-loop, ethernet, stp",Best Practice Document
DOC026,P26,cisco unified communications manager 14 0  voice platform,step 1  identify sip trunk registration failures through detailed logs  nstep 2  capture sip signaling traffic using appropriate packet capture tools  nstep 3  analyze authentication failures in sip messages  nstep 4  contact sip trunk provider to verify authentication requirements  nstep 5  update sip trunk configuration with renewed credentials  nstep 6  implement certificate based authentication with proper expiration handling  nstep 7  configure sip trunk monitoring with registration status alerting  nstep 8  establish automated testing of call completion through trunk  nstep 9  document sip trunk configuration standards for the environment  nstep 10  create certificate lifecycle management procedure for voice services ,"voice, sip, cisco, unified-communications, trunk",Troubleshooting Guide
DOC027,P27,juniper mx960  junos 21 2r3 s1  core router,step 1  connect to router console to access device not responding to management protocols  nstep 2  examine hardware status through cli diagnostic commands  nstep 3  identify fabric card failure through component status indicators  nstep 4  properly power down affected components following safety guidelines  nstep 5  replace failed fabric module according to vendor documentation  nstep 6  verify proper seating and connection of replacement components  nstep 7  perform power up sequence according to recommended procedures  nstep 8  verify system status through appropriate diagnostic commands  nstep 9  confirm protocol and interface operation after component replacement  nstep 10  implement enhanced telemetry specific to fabric health monitoring ,"router, juniper, hardware, fabric, mx960",Hardware Replacement Guide
DOC028,P28,cisco identity services engine 3 1  network access control,step 1  verify database replication status between ise nodes in deployment  nstep 2  identify synchronization issues through detailed logging  nstep 3  correct database replication configuration where errors are found  nstep 4  force full replication between nodes to establish consistency  nstep 5  restart ise services in the proper sequence per vendor guidelines  nstep 6  verify authentication policy synchronization across deployment  nstep 7  test device authentication using various credentials and device types  nstep 8  configure enhanced monitoring for replication status with alerting  nstep 9  document ise deployment architecture with replication flows  nstep 10  create troubleshooting runbook for authentication failures ,"nac, authentication, cisco, database, replication",Troubleshooting Guide
DOC029,P29,palo alto pa 5250  pan os 10 1 6 h6  next generation firewall,step 1  identify ddos attack characteristics through traffic analysis  nstep 2  configure traffic classification to identify attack patterns  nstep 3  implement temporary filtering rules to mitigate immediate impact  nstep 4  engage ddos mitigation service for traffic scrubbing capabilities  nstep 5  configure bgp routing changes to direct traffic through scrubbing centers  nstep 6  implement geographic based access controls to block attack sources  nstep 7  deploy custom application signatures based on observed attack patterns  nstep 8  configure dos protection profiles with appropriate thresholds  nstep 9  implement zone protection profiles with connection rate limiting  nstep 10  document ddos response playbook for future incidents ,"security, ddos, firewall, palo-alto, mitigation",Incident Response Procedure
DOC030,P30,palo alto pa 3260  pan os 10 2 2 h3  next generation firewall,step 1  identify false positive patterns through security log analysis  nstep 2  verify legitimate traffic being incorrectly blocked through packet capture  nstep 3  create application override rules for affected traffic patterns  nstep 4  implement security policy exceptions with appropriate documentation  nstep 5  configure custom application signatures when needed for proper identification  nstep 6  coordinate with security vendor for signature optimization  nstep 7  establish pre production testing environment for signature updates  nstep 8  implement phased deployment approach for security content updates  nstep 9  configure enhanced logging for policy matches to identify future issues  nstep 10  document exception handling process for security policies ,"ips, security, palo-alto, signature, false-positive",Troubleshooting Guide
DOC031,P31,cisco anyconnect secure mobility client v4 10 05095  vpn client,step 1  identify certificate expiration issues through vpn connection logs  nstep 2  verify certificate status on vpn concentrators and endpoints  nstep 3  generate new certificates with appropriate validity period  nstep 4  deploy updated certificates to vpn infrastructure  nstep 5  test vpn connectivity from multiple client locations and device types  nstep 6  implement certificate lifecycle management system for automation  nstep 7  configure multiple notification paths for certificate expiration warnings  nstep 8  create tiered alerting for 30  15  and 5 days before expiration  nstep 9  document certificate renewal procedures with responsible parties  nstep 10  establish monitoring for vpn tunnel establishment success rates ,"vpn, remote-access, cisco, certificate, anyconnect",Best Practice Document
DOC032,P32,f5 big ip i4800  tmos 16 1 0  application delivery controller,step 1  analyze current load distribution patterns through statistics interface  nstep 2  identify algorithm configuration errors causing uneven distribution  nstep 3  document application requirements for session persistence and stickiness  nstep 4  configure appropriate load balancing algorithm for application characteristics  nstep 5  optimize health check parameters to accurately reflect server status  nstep 6  implement appropriate server weighting based on capacity metrics  nstep 7  configure enhanced monitoring for server load and response time  nstep 8  establish alerting for uneven load distribution patterns  nstep 9  document optimal load balancer configuration for different application types  nstep 10  create load balancer management procedures with testing methodology ,"load-balancer, algorithm, f5, big-ip, traffic-distribution",Configuration Guide
DOC033,P33,bluecoat proxysg s500 20  sgos 6 7 4 1  web proxy,step 1  identify capacity constraints through proxy performance metrics  nstep 2  analyze traffic patterns to determine growth trends and peak usage  nstep 3  optimize proxy caching parameters for improved efficiency  nstep 4  implement content categorization to apply appropriate policies by traffic type  nstep 5  configure traffic shaping policies for bandwidth management  nstep 6  deploy additional proxy instances in load balanced configuration  nstep 7  implement bypass mechanisms for uncacheable or trusted traffic  nstep 8  establish capacity planning process integrated with growth projections  nstep 9  configure enhanced monitoring with predictive analysis capabilities  nstep 10  document proxy architecture with scalability considerations ,"capacity, proxy, bluecoat, internet, caching",Best Practice Document
DOC034,P34,equinix cloud exchange fabric  cloud interconnect service,step 1  identify connectivity issues through end to end testing to cloud resources  nstep 2  engage equinix support to troubleshoot backbone router issues  nstep 3  implement failover to secondary connections through alternate exchange points  nstep 4  configure bgp routing to prefer available paths during outage  nstep 5  establish emergency vpn tunnels for critical application access if needed  nstep 6  monitor service restoration progress with provider  nstep 7  enhance monitoring for cross connect health with automated testing  nstep 8  implement geographic diversity for critical cloud connections  nstep 9  document cloud connectivity architecture with redundancy considerations  nstep 10  create incident response playbook for similar service disruptions ,"cloud, vendor, connectivity, equinix, exchange",Disaster Recovery Procedure
DOC035,P35,cisco asr 1006 x  mpls traffic engineering  rfc 3209  traffic management protocol,step 1  document current mpls te implementation including tunnel definitions  nstep 2  identify rsvp signaling failures through detailed logging  nstep 3  verify resource reservation configuration on all path routers  nstep 4  correct reservation parameters to appropriate values for traffic requirements  nstep 5  optimize explicit path definitions for critical traffic flows  nstep 6  implement appropriate rsvp authentication mechanisms for security  nstep 7  configure automatic bandwidth adjustment where appropriate  nstep 8  test tunnel establishment and path selection with monitoring  nstep 9  verify qos policy application to engineered tunnels  nstep 10  document traffic engineering design with capacity planning considerations ,"traffic-engineering, mpls, rsvp, qos, tunnel",Configuration Guide
DOC036,P36,dell emc powerstore 1000t  storage controller v2 5 0 0 5 126  san storage,step 1  identify storage connectivity issues through host i o error analysis  nstep 2  run diagnostic tools to evaluate controller health and status  nstep 3  engage vendor support with diagnostic data for troubleshooting assistance  nstep 4  prepare replacement controller hardware according to vendor instructions  nstep 5  follow proper procedures for controller replacement in production environment  nstep 6  update firmware to recommended version during replacement process  nstep 7  restore multipathing configuration for all connected hosts  nstep 8  verify storage access and performance from all hosts after replacement  nstep 9  rebalance workloads across available resources for optimal performance  nstep 10  implement enhanced storage path monitoring with automated failover testing ,"storage, san, dell-emc, controller, replacement",Hardware Replacement Guide
DOC037,P37,hp enterprise 5412r zl2 switch  arubaos 16 10 0011  core switch,step 1  assess physical damage to networking equipment after power event  nstep 2  test power distribution units and surge protectors for functionality  nstep 3  replace damaged power protection devices with higher joule rating models  nstep 4  implement power conditioning equipment appropriate for environment  nstep 5  perform controlled equipment restart in proper sequence  nstep 6  test each module and line card for proper operation  nstep 7  replace damaged components identified during testing  nstep 8  verify network connectivity across all affected segments  nstep 9  apply firmware updates to address known power handling vulnerabilities  nstep 10  implement enhanced power monitoring and protection systems ,"power, infrastructure, surge, switch, hpe",Disaster Recovery Procedure
DOC038,P38,cisco asr 1002 hx  multi protocol label switching  mpls   rfc 3031  wan technology,step 1  identify mpls service disruption through path analysis tools  nstep 2  verify ce router configuration and interface status to provider network  nstep 3  engage mpls provider support with detailed problem description  nstep 4  implement backup connectivity through alternative means where available  nstep 5  configure dynamic multipoint vpn as backup where feasible  nstep 6  test failover capabilities between primary and backup connections  nstep 7  monitor provider troubleshooting and service restoration  nstep 8  verify end to end connectivity as provider resolves control plane issues  nstep 9  document wan architecture with proper redundancy considerations  nstep 10  implement enhanced path monitoring with performance metrics ,"mpls, wan, connectivity, service-provider, backup",Troubleshooting Guide
DOC039,P39,commscope category 6a cabling  tia 568 2 d compliance  infrastructure,step 1  identify extent of cable damage through visual inspection and testing  nstep 2  document affected cable runs with specific locations and identifiers  nstep 3  establish priority restoration plan based on business impact assessment  nstep 4  deploy temporary patch cables for critical connections where possible  nstep 5  coordinate proper access to cable pathways with facilities management  nstep 6  install new cable runs following proper installation practices  nstep 7  terminate cables according to industry standards with appropriate connectors  nstep 8  test new cable installations with certification equipment  nstep 9  update cable plant documentation with new installations  nstep 10  implement enhanced physical infrastructure protection measures ,"cable, physical, infrastructure, cabling, installation",Installation Guide
DOC040,P40,cisco asa 5555 x  asa os 9 16 2  firewall,step 1  identify management access issues through connection testing  nstep 2  establish console connection to firewall for emergency access  nstep 3  review recent security policy changes in configuration  nstep 4  identify specific acl entries blocking legitimate administrative access  nstep 5  modify access control lists to allow proper management connectivity  nstep 6  implement change control procedures for security rule modifications  nstep 7  establish out of band management network for critical infrastructure  nstep 8  configure management access restrictions with appropriate security  nstep 9  document proper acl syntax for commonly used access scenarios  nstep 10  create emergency access procedure for similar incidents ,"management, access, cisco, firewall, asa",Troubleshooting Guide
DOC041,P41,fiber optic cross connects  single mode fiber infrastructure,step 1  identify connectivity issues between redundant fiber paths  nstep 2  perform physical path diversity verification through documentation review  nstep 3  conduct fiber trace to identify actual physical routing of cables  nstep 4  implement truly diverse physical paths with proper separation  nstep 5  verify optical power levels on all connections meet specifications  nstep 6  test failover capability between redundant connections  nstep 7  update physical infrastructure documentation with accurate pathways  nstep 8  implement physical path diversity verification procedures  nstep 9  deploy fiber monitoring systems for early detection of degradation  nstep 10  create redundancy testing protocols for periodic validation ,"redundancy, fiber, datacenter, connectivity, physical-diversity",Best Practice Document
DOC042,P42,juniper mx204  junos 20 4r3 s1  edge router,step 1  verify circuit outage through interface diagnostics and carrier coordination  nstep 2  implement emergency dmvpn over lte for temporary connectivity  nstep 3  configure appropriate routing to utilize backup paths  nstep 4  coordinate with fiber repair crews to expedite resolution  nstep 5  test connectivity through alternative paths to ensure business continuity  nstep 6  monitor repair progress through regular updates from provider  nstep 7  verify circuit restoration through interface diagnostics  nstep 8  return traffic to primary paths once stability is confirmed  nstep 9  document incident timeline for sla and contract enforcement  nstep 10  implement enhanced circuit monitoring with automated failover testing ,"fiber, wan, connectivity, juniper, backup",Disaster Recovery Procedure
DOC043,P43,cummins power generation 1000dqfad  emergency generator,step 1  verify generator failure through visual inspection and control panel diagnostics  nstep 2  identify specific transfer switch and control circuit components causing failure  nstep 3  implement manual bypass procedure to establish temporary generator connection  nstep 4  replace failed components according to manufacturer guidelines  nstep 5  test automatic transfer functionality with simulated power loss  nstep 6  verify proper power delivery to all critical infrastructure  nstep 7  implement weekly generator testing schedule with load testing  nstep 8  configure enhanced alerting for generator system status and fuel levels  nstep 9  install redundant transfer switch control circuits for improved reliability  nstep 10  document emergency power procedures with manual intervention steps ,"power, generator, datacenter, transfer-switch, backup",Maintenance Procedure
DOC044,P44,vertiv liebert apm 150kva ups  data center power infrastructure,step 1  assess extent of flooding damage to data center infrastructure  nstep 2  implement disaster recovery procedures following established playbook  nstep 3  coordinate migration of critical services to secondary data center  nstep 4  deploy emergency water extraction equipment once safe access is established  nstep 5  perform detailed damage assessment of electrical and mechanical systems  nstep 6  engage specialized hvac and electrical contractors for repairs  nstep 7  deploy temporary power and cooling equipment as needed  nstep 8  perform staged restoration of systems following recovery plan  nstep 9  test all restored systems for proper operation before returning to production  nstep 10  implement enhanced flood protection measures for future events ,"disaster, power, datacenter, environmental, flooding",Disaster Recovery Procedure
DOC045,P45,solarwinds npm 2023 1  network monitoring platform,step 1  identify monitoring system performance issues through log analysis  nstep 2  examine database size and growth trends over time  nstep 3  allocate additional compute and memory resources to database server  nstep 4  implement database optimization procedures including index maintenance  nstep 5  archive historical data to reduce active dataset size  nstep 6  configure appropriate data retention policies for different metric types  nstep 7  optimize database queries through execution plan analysis  nstep 8  implement database maintenance jobs for regular optimization  nstep 9  configure alert processing thresholds appropriate for environment size  nstep 10  create performance baseline and trending for capacity planning ,"monitoring, database, solarwinds, alerts, performance",Troubleshooting Guide
DOC046,P46,cisco 9800 wireless controller  ios xe 17 7 1  wifi infrastructure,step 1  identify controller failure symptoms through client connectivity testing  nstep 2  establish console access to controllers for diagnostic information  nstep 3  capture system logs and error messages for analysis  nstep 4  coordinate with vendor support to identify software defect  nstep 5  restore clean configuration from backup to controller units  nstep 6  apply vendor recommended patches for identified issues  nstep 7  configure controllers with proper high availability settings  nstep 8  verify wireless service restoration across all access points  nstep 9  implement enhanced monitoring for wireless infrastructure  nstep 10  create redundancy strategy preventing common mode failures ,"wireless, controller, cisco, wifi, high-availability",Troubleshooting Guide
DOC047,P47,vmware nsx t 3 2  software defined networking platform,step 1  identify controller cluster health issues through management interface  nstep 2  determine cluster quorum status and synchronization state  nstep 3  isolate non primary controllers from making configuration changes  nstep 4  establish single authoritative controller for configuration  nstep 5  back up current network state and configuration data  nstep 6  restore controller cluster to consistent software version  nstep 7  reconfigure cluster quorum settings to prevent split brain condition  nstep 8  push consistent network configuration from primary controller  nstep 9  verify network forwarding behavior through comprehensive testing  nstep 10  document controller cluster recovery procedures for future incidents ,"sdn, controller, vmware, nsx, virtualization",Disaster Recovery Procedure
DOC048,P48,schneider electric netbotz 750  environmental monitoring system,step 1  identify cooling system failure through temperature monitoring alerts  nstep 2  deploy portable cooling units to critical equipment rows for immediate mitigation  nstep 3  engage hvac specialists to diagnose specific cooling unit failures  nstep 4  replace failed cooling controller and sensor components as needed  nstep 5  recharge refrigerant system to proper levels following specifications  nstep 6  recalibrate temperature and humidity sensors throughout facility  nstep 7  implement phased restart of equipment once temperatures stabilize  nstep 8  optimize airflow management for improved cooling efficiency  nstep 9  install additional temperature sensors at key monitoring points  nstep 10  update environmental monitoring thresholds and alerting configuration ,"cooling, datacenter, environmental, temperature, monitoring",Troubleshooting Guide
DOC049,P49,apc symmetra px 80kw  ups system with network management card,step 1  identify power quality issues through ups monitoring and logs  nstep 2  perform power quality analysis using specialized measurement equipment  nstep 3  document harmonic distortion and voltage fluctuation patterns  nstep 4  install appropriate power conditioning equipment based on analysis  nstep 5  reconfigure ups systems for enhanced filtering capabilities  nstep 6  implement staged power distribution to critical systems  nstep 7  coordinate with local utility provider on underlying power issues  nstep 8  configure enhanced power monitoring with waveform capture  nstep 9  establish appropriate alarm thresholds for early warning of issues  nstep 10  document power protection architecture with redundancy considerations ,"power, infrastructure, ups, distribution, power-quality",Best Practice Document
DOC050,P50,ciena 6500  r9 0  optical transport platform,step 1  identify optical signal degradation through power level monitoring  nstep 2  utilize otdr testing to locate specific damage points in fiber path  nstep 3  coordinate with facilities for access to cable pathways and conduits  nstep 4  deploy fiber technicians with appropriate splicing and testing equipment  nstep 5  replace damaged fiber sections following industry best practices  nstep 6  verify optical power levels meet manufacturer specifications  nstep 7  implement fiber plant monitoring system with early warning capabilities  nstep 8  configure automatic notification of signal degradation below thresholds  nstep 9  document updated fiber plant layout with test results and specifications  nstep 10  establish regular preventative maintenance schedule for fiber infrastructure ,"fiber, datacenter, optical, ciena, connectivity",Maintenance Procedure
