TicketID,ProductID,ProductInformation,SolutionDetails,Status,Tags,Timestamp,DocID
INC001,P1,infoblox ipam  version 8 4 1  nios grid platform,step 1  technician dispatched on site identified failed power supply unit causing instability across the backplane  nstep 2  replaced the primary power supply module and verified redundant power system operation  nstep 3  performed full system diagnostic and validated all line cards functioning properly  nstep 4  implemented additional monitoring for power system health to provide early warning of similar failures ,Resolved,router  hardware  power supply  critical,2023-01-15T08:30:12,DOC015
INC002,P2,oracle database 19c enterprise edition  version 19 11 0 0  enterprise database platform,step 1  replaced damaged surge protectors and performed power conditioning  nstep 2  reseated all affected modules and performed staged power up sequence  nstep 3  replaced one damaged line card in the mdf  nstep 4  applied firmware updates to prevent similar vulnerability  nstep 5  installed enhanced power protection devices with higher joule ratings for improved surge handling ,Resolved,power  infrastructure  surge  switch,2023-01-22T17:55:23,DOC037
INC003,P3,cisco ncs 5500 series  ios xr 7 3 2  carrier grade router,step 1  configuration audit revealed improper health check settings causing active active pair to mark healthy servers as unavailable  nstep 2  corrected health monitoring thresholds and adjusted persistence settings  nstep 3  implemented more comprehensive monitoring for load balancer health status and traffic distribution patterns  nstep 4  established testing protocol for future configuration changes ,Resolved,configuration  load balancer  application  f5,2023-02-03T11:25:19,DOC008
INC004,P4,border gateway protocol  rfc 4271  internet routing protocol,step 1  coordinated with carrier to locate fiber cut caused by construction work 3 2 miles from main pop  nstep 2  implemented emergency dmvpn over lte backup while fiber repairs were completed  nstep 3  rerouted critical application traffic via alternate data center  nstep 4  worked with construction company to establish enhanced notification procedures for future work in the area ,Resolved,fiber  wan  connectivity  juniper,2023-02-17T09:15:27,DOC042
INC005,P5,apache tomcat 9 0 58  java web application server,step 1  engaged ddos mitigation service to divert and scrub traffic  nstep 2  implemented more aggressive rate limiting and geographic based access controls  nstep 3  adjusted firewall threat profiles and added custom signatures based on attack patterns  nstep 4  coordinated with upstream providers to implement additional filtering at internet exchange points ,Resolved,security  ddos  firewall  palo alto,2023-03-01T14:45:31,DOC029
INC006,P6,network time protocol  ntp   rfc 5905  time synchronization service,step 1  identified corrupted zone transfer that propagated through dns server farm  nstep 2  restored zone data from backup  implemented transaction signature verification  and enhanced monitoring for dns query performance  nstep 3  restructured dns hierarchy for better resilience  nstep 4  implemented automated health checks for critical dns services ,Resolved,dns  software  microsoft  windows server,2023-03-15T16:25:37,DOC011
INC007,P7,veeam backup   replication v11  data protection platform,step 1  activated disaster recovery procedures and migrated critical services to secondary data center  nstep 2  deployed mobile generator units once safe access was restored  nstep 3  performed sequential systems restoration following established recovery procedures  nstep 4  implemented additional physical safeguards against water intrusion and elevated critical equipment to prevent similar damage in future events ,Resolved,disaster  power  datacenter  environmental,2023-03-28T03:42:18,DOC044
INC008,P8,f5 big ip 2000s  tmos 15 1 4  application delivery controller,step 1  audit of bgp configuration revealed incorrect as path prepending and community manipulation  nstep 2  restored proper route advertisement policies and implemented route dampening to prevent route flapping  nstep 3  corrected maxprefix settings on peering sessions  nstep 4  established standardized bgp configuration templates for consistent implementation across all edge routers ,Resolved,bgp  routing  cisco  configuration,2023-04-05T10:28:34,DOC003
INC009,P9,cisco asr 1001 x  open shortest path first  ospf   rfc 2328  interior gateway protocol,step 1  identified firmware compatibility issue with poe controller  nstep 2  performed emergency downgrade to previous stable version  nstep 3  developed phased upgrade approach with extended testing in lab environment before redeployment  nstep 4  implemented enhanced change management procedures for firmware updates with proper rollback planning ,Resolved,firmware  switch  cisco  catalyst,2023-04-17T08:55:48,DOC021
INC010,P10,bind 9 16 27  dns server implementation,step 1  implemented emergency patching to restore critical floors first  nstep 2  coordinated with facilities for after hours access to repair damaged cables  nstep 3  replaced damaged patch panels and validated circuit testing for all repaired connections  nstep 4  updated building maintenance procedures to prevent future incidents with proper notification requirements for work affecting network infrastructure ,Resolved,cable  physical  infrastructure  cabling,2023-04-29T13:10:25,DOC039
INC011,P11,microsoft windows server 2019  dns server role,step 1  root cause identified as corruption in ntds database  nstep 2  performed authoritative restoration from backup  forced replication to all secondary domain controllers  and realigned kerberos time settings  nstep 3  implemented enhanced monitoring of authentication services  nstep 4  established automated database integrity checks on regular intervals ,Resolved,authentication  active directory  microsoft  server,2023-05-08T15:35:42,DOC016
INC012,P12,cisco protocol independent multicast  pim  routing  rfc 7761  multicast routing protocol,step 1  emergency dispatch of mobile cooling units while repairing primary hvac system  nstep 2  implemented phased restart of systems to manage heat load  nstep 3  reconfigured airflow management and installed additional temperature sensors at key points  nstep 4  updated emergency response procedures for cooling failures with clear escalation paths and vendor contact information ,Resolved,cooling  datacenter  environmental  infrastructure,2023-05-19T07:45:23,DOC048
INC013,P13,cisco identity services engine v3 1  network access control platform,step 1  coordinated with equinix to resolve backbone router failure in exchange point  nstep 2  implemented failover to secondary connections through alternate exchange  nstep 3  enhanced monitoring for cross connect health and implemented automated failover testing  nstep 4  deployed geographic diversity for critical cloud connections to prevent similar single points of failure ,Resolved,cloud  vendor  connectivity  equinix,2023-06-02T09:25:37,DOC034
INC014,P14,digicert certificate management  public key infrastructure,step 1  investigation revealed improper shutdown sequence during maintenance caused database inconsistency  nstep 2  repaired veeam catalog and restored configuration from known good backup  nstep 3  implemented improved maintenance procedures with validation checkpoints  nstep 4  established proper service dependency mapping to ensure correct startup and shutdown sequences for complex system interactions ,Resolved,backup  monitoring  maintenance  veeam,2023-06-14T23:18:42,DOC007
INC015,P15,cisco asr 9922  ios xr 7 5 2  core router platform,step 1  rolled back automated deployment and restored known good configurations  nstep 2  identified error in ci cd pipeline parsing firewall rules  nstep 3  implemented additional validation checks and improved testing procedures for configuration changes  nstep 4  enhanced automation scripts with proper error handling and validation to prevent partial or incorrect deployments ,Resolved,configuration  firewall  automation  cisco,2023-06-27T13:38:45,DOC024
INC016,P16,microsoft active directory domain services  windows server 2022,step 1  database recovery specialists restored from most recent clean backup  nstep 2  performed transaction log replay to minimize data loss  nstep 3  implemented additional database integrity checks and enhanced backup verification procedures  nstep 4  established automated database health monitoring with corruption detection capabilities and deployed improved high availability configuration ,Resolved,database  oracle  authentication  corruption,2023-07-10T16:52:38,DOC002
INC017,P17,cisco isr 4451  internet protocol version 6  ipv6   rfc 8200  network layer protocol,step 1  power quality analysis identified harmonic distortion from nearby industrial equipment  nstep 2  installed power conditioning equipment and reconfigured ups systems for enhanced filtering  nstep 3  implemented staged power distribution to critical systems  nstep 4  coordinated with local utility company to address underlying power quality issues in the industrial park grid infrastructure ,Resolved,power  infrastructure  ups  distribution,2023-07-21T11:15:32,DOC049
INC018,P18,cisco nexus 93180yc fx  nx os 9 3 8   data center switch,step 1  security team isolated affected systems and implemented emergency vlan quarantine  nstep 2  performed forensic investigation to identify patient zero and attack vector  nstep 3  deployed updated signatures to endpoint protection platforms and enhanced network segmentation  nstep 4  implemented enhanced security awareness training for all staff with emphasis on social engineering attack prevention ,Resolved,security  malware  cisco  ise,2023-08-03T08:45:28,DOC013
INC019,P19,cisco nexus 93180yc ex  nx os 9 3 7   top of rack switch,step 1  identified expired authentication certificates on vpn concentrators  nstep 2  renewed certificates and implemented automated certificate lifecycle management  nstep 3  modified monitoring to provide early warning of approaching certificate expiration  nstep 4  created comprehensive certificate inventory database with automated expiration notifications to multiple stakeholders to prevent similar failures ,Resolved,vpn  remote access  cisco  certificate,2023-08-15T14:35:27,DOC031
INC020,P20,cisco catalyst 9600 series  link aggregation control protocol  lacp   ieee 802 3ad  link bundling protocol,step 1  analysis identified memory leak in custom application code  nstep 2  implemented emergency patches and increased jvm heap allocation as temporary measure  nstep 3  worked with development team to identify and permanently fix resource handling issues  nstep 4  implemented enhanced application performance monitoring with memory utilization trending and automated alerts for abnormal consumption patterns ,Resolved,application  memory  java  tomcat,2023-08-28T18:05:39,DOC005
INC021,P21,cisco catalyst 9300  ios xe 17 6 3  access switch,step 1  hardware diagnostics identified failed fabric card causing inconsistent forwarding behavior  nstep 2  replaced fabric module and performed complete system verification  nstep 3  implemented enhanced telemetry to detect similar issues before service impact  nstep 4  created early warning system for fabric utilization anomalies to provide proactive notification before complete failure occurs ,Resolved,protocol  juniper  hardware  transport,2023-09-07T09:35:42,DOC027
INC022,P22,cisco catalyst 9500  ios xe 17 9 2  core switch,step 1  emergency generator technicians identified failed transfer switch and control circuit  nstep 2  performed manual bypass and restored generator power while repairs were completed  nstep 3  implemented weekly generator testing with load and enhanced alerting  nstep 4  installed redundant transfer switch with independent control circuits and upgraded generator controller firmware to latest stable version ,Resolved,power  generator  datacenter  infrastructure,2023-09-19T02:27:45,DOC043
INC023,P23,cisco quality of service  qos   diffserv architecture  traffic management,step 1  configuration audit revealed overlapping vlan assignments and improper trunking configuration  nstep 2  corrected vlan database and standardized trunking protocols  nstep 3  implemented configuration management system for network devices  nstep 4  created standardized vlan naming and numbering convention with clear documentation of vlan purpose and required propagation ,Resolved,vlan  cisco  nexus  configuration,2023-10-02T13:55:32,DOC018
INC024,P24,cisco firepower threat defense 7 0 1  next generation firewall,step 1  root cause identified as spanning tree protocol failure creating bridging loop  nstep 2  implemented bpdu guard on access ports  reconfigured stp priorities  and implemented storm control on all edge ports to prevent recurrence  nstep 3  enhanced network monitoring to detect broadcast storms in early stages before significant impact occurs  nstep 4  documented spanning tree design with clear root bridge assignments ,Resolved,spanning tree  switch  aruba  network loop,2023-10-16T10:45:28,DOC018
INC025,P25,spanning tree protocol  stp   ieee 802 1d w s  loop prevention protocol,step 1  identified missed certificate renewal due to notification sent to departed employee  nstep 2  performed emergency certificate renewal and deployment  nstep 3  implemented certificate management platform with multi recipient alerting and automated renewal  nstep 4  established role based ownership of security certificates with detailed documentation and transition procedures for staff changes ,Resolved,certificate  security  digicert  ssl,2023-10-29T09:05:32,DOC014
INC026,P26,cisco unified communications manager 14 0  voice platform,step 1  san diagnostic revealed failed redundant controller causing fabric instability  nstep 2  replaced controller module and restored multipathing configuration  nstep 3  rebalanced storage workloads and increased path monitoring frequency  nstep 4  implemented enhanced san fabric monitoring with path state visualization and automated failover testing to validate redundancy ,Resolved,storage  san  dell emc  vmware,2023-11-08T15:35:47,DOC036
INC027,P27,juniper mx960  junos 21 2r3 s1  core router,step 1  identified mismatched lacp configuration and negotiation failure  nstep 2  standardized lacp settings across all participating devices and implemented link state monitoring  nstep 3  enhanced change management procedures for link aggregation configuration  nstep 4  created standard operating procedure for lacp implementation with consistent parameters across all network tiers ,Resolved,lacp  cisco  catalyst  redundancy,2023-11-21T11:45:37,DOC020
INC028,P28,cisco identity services engine 3 1  network access control,step 1  investigation revealed corrupted zone file causing intermittent resolver failures  nstep 2  restored clean zone files  implemented zone integrity checking  and enhanced monitoring of resolution latency and success rates  nstep 3  deployed dnssec for critical domains  nstep 4  established automated zone file validation procedures before deployment to production ,Resolved,dns  bind  resolution  linux,2023-12-05T14:38:42,DOC010
INC029,P29,palo alto pa 5250  pan os 10 1 6 h6  next generation firewall,step 1  analysis revealed unexpected traffic growth exceeding configured capacity  nstep 2  adjusted proxy caching parameters and implemented traffic shaping policies  nstep 3  accelerated planned capacity expansion project and deployed additional proxy instances  nstep 4  integrated proxy capacity monitoring with business growth metrics to provide proactive scaling based on projected demand ,Resolved,capacity  proxy  bluecoat  internet,2023-12-17T10:25:37,DOC033
INC030,P30,palo alto pa 3260  pan os 10 2 2 h3  next generation firewall,step 1  identified suboptimal timer configurations causing delayed route convergence  nstep 2  adjusted ospf hello and dead intervals  modified bgp timers  and implemented graceful restart  nstep 3  enhanced routing protocol authentication and monitoring  nstep 4  deployed bidirectional forwarding detection for critical paths to accelerate failure detection and recovery processes ,Resolved,routing  ospf  bgp  cisco,2023-12-30T08:52:38,DOC009
INC031,P31,cisco anyconnect secure mobility client v4 10 05095  vpn client,step 1  investigation revealed false positive pattern matching in recently updated security signatures  step 2  created exclusion policies for affected traffic patterns and coordinated with vendor for signature optimization  step 3  implemented enhanced pre production testing for signature updates  step 4  established sandbox environment for security signature testing with automated application functionality verification before production deployment ,Resolved,ips  security  palo alto  signature,2024-01-10T09:25:34,DOC030
INC032,P32,f5 big ip i4800  tmos 16 1 0  application delivery controller,step 1  sip packet capture identified authentication failures due to expired credentials at carrier  step 2  renewed sip trunk authentication and implemented certificate management with proper expiration handling  step 3  enhanced sip traffic monitoring for early detection  step 4  created comprehensive sip trunk testing procedure to validate full functionality after any system or configuration changes ,Resolved,voice  sip  cisco  unified communications,2024-01-22T11:38:42,DOC026
INC033,P33,bluecoat proxysg s500 20  sgos 6 7 4 1  web proxy,step 1  analysis revealed improper multicast routing configuration causing inconsistent stream delivery  step 2  corrected pim configuration and optimized rendezvous point assignments  step 3  implemented multicast boundary controls and enhanced monitoring for stream quality  step 4  created detailed multicast architecture documentation and established standard configurations for different stream types ,Resolved,multicast  video  cisco  streaming,2024-02-04T13:35:36,DOC012
INC034,P34,equinix cloud exchange fabric  cloud interconnect service,step 1  investigation revealed fabric module failure after power event  step 2  replaced affected switch components and reestablished network connectivity  step 3  implemented additional power protection for network equipment  step 4  enhanced monitoring for early detection of switch fabric issues before complete failure occurs ,Resolved,switch  datacenter  cisco  hardware,2024-02-15T08:45:32,DOC019
INC035,P35,cisco asr 1006 x  mpls traffic engineering  rfc 3209  traffic management protocol,step 1  worked with upstream provider to resolve backbone router failure  step 2  implemented emergency routing through secondary isp connections  step 3  enhanced bgp configuration for faster failover between providers  step 4  established automatic notification system for bgp peer state changes with proactive alerting for route instability ,Resolved,isp  routing  bgp  connectivity,2024-02-27T16:35:42,DOC004
INC036,P36,dell emc powerstore 1000t  storage controller v2 5 0 0 5 126  san storage,step 1  coordinated with mpls provider to restore service after control plane issue  step 2  implemented backup connectivity through sd wan over internet  step 3  enhanced monitoring of wan path performance and availability  step 4  deployed traffic steering policies to automatically redirect critical applications over optimal paths based on real time performance metrics ,Resolved,mpls  wan  cisco  connectivity,2024-03-12T10:55:32,DOC038
INC037,P37,hp enterprise 5412r zl2 switch  arubaos 16 10 0011  core switch,step 1  analysis revealed misconfigured qos settings after recent network change  step 2  corrected priority queuing configuration for voice traffic  step 3  implemented enhanced call quality monitoring with mos scoring  step 4  created standard qos templates with proper traffic classification for different application types and established validation procedures for qos implementations ,Resolved,qos  voice  cisco  configuration,2024-03-25T13:28:36,DOC023
INC038,P38,cisco asr 1002 hx  multi protocol label switching  mpls   rfc 3031  wan technology,step 1  identified database synchronization issues between authentication servers  step 2  restored proper replication and validated policy consistency  step 3  enhanced monitoring for authentication service health  step 4  implemented automated testing of authentication infrastructure with synthetic transactions to verify proper operation on scheduled intervals ,Resolved,nac  authentication  cisco  database,2024-04-08T09:42:18,DOC028
INC039,P39,commscope category 6a cabling  tia 568 2 d compliance  infrastructure,step 1  physical investigation revealed both diverse paths were routed through the same conduit  step 2  implemented properly diverse fiber paths with geospatial separation  step 3  enhanced physical path documentation and verification procedures  step 4  established regular testing of failover capabilities with simulated primary path failures to validate redundancy ,Resolved,redundancy  fiber  datacenter  connectivity,2024-04-20T12:32:41,DOC041
INC040,P40,cisco asa 5555 x  asa os 9 16 2  firewall,step 1  identified time synchronization failures across infrastructure  step 2  corrected ntp configuration hierarchy and forced resynchronization  step 3  implemented monitoring for time offset between systems  step 4  created comprehensive time synchronization architecture with proper stratum levels and redundant time sources to ensure consistent timekeeping across all systems ,Resolved,ntp  time  windows  authentication,2024-05-03T08:55:32,DOC006
INC041,P41,fiber optic cross connects  single mode fiber infrastructure,step 1  root cause identified as firmware incompatibility with management platform api calls  nstep 2  downgraded firmware to compatible version  nstep 3  implemented comprehensive testing process for firmware updates  nstep 4  created compatibility matrix for management systems and network devices to prevent similar issues in future upgrade cycles ,Resolved,firmware  management  cisco  compatibility,2024-05-18T15:35:42,DOC022
INC042,P42,juniper mx204  junos 20 4r3 s1  edge router,step 1  investigation revealed rsvp signaling failures in mpls traffic engineering  nstep 2  corrected resource reservation configuration and optimized path selection  nstep 3  enhanced monitoring for packet loss and jitter on critical paths  nstep 4  implemented service level dashboards with trending and alerting for quality of service metrics across the wan infrastructure ,Resolved,traffic engineering  mpls  qos  cisco,2024-05-29T11:52:34,DOC035
INC043,P43,cummins power generation 1000dqfad  emergency generator,step 1  analysis revealed overlapping dhcp scope and static assignments  nstep 2  corrected address pool configuration and documented all static assignments  nstep 3  implemented ip address management system with validation  nstep 4  created clear ip allocation policies with reserved ranges for different device types and improved dhcp scope design with appropriate exclusions ,Resolved,ip  dhcp  addressing  infoblox,2024-06-11T14:25:37,DOC001
INC044,P44,vertiv liebert apm 150kva ups  data center power infrastructure,step 1  identified algorithm configuration error in load balancer  nstep 2  corrected load distribution method and optimized health checks  nstep 3  implemented enhanced server performance monitoring  nstep 4  created standard operating procedures for load balancer management with comprehensive testing methodology for configuration changes and clear documentation of algorithm selection criteria ,Resolved,load balancer  algorithm  f5  application,2024-06-24T09:32:45,DOC032
INC045,P45,solarwinds npm 2023 1  network monitoring platform,step 1  identified split brain condition in sdn controller cluster after update  nstep 2  restored consistent controller state and reconfigured quorum settings  nstep 3  enhanced monitoring for controller synchronization status  nstep 4  implemented improved update procedures with rolling changes to prevent simultaneous controller maintenance and automated verification of cluster health during update process ,Resolved,sdn  controller  vmware  configuration,2024-07-07T13:55:36,DOC047
INC046,P46,cisco 9800 wireless controller  ios xe 17 7 1  wifi infrastructure,step 1  security rule analysis identified acl misconfiguration blocking legitimate administrative access  nstep 2  corrected access control lists through console access  nstep 3  implemented proper change control for security rules  nstep 4  created emergency access procedure documentation with out of band management network implementation for critical infrastructure devices to ensure continued administrative access ,Resolved,management  access  cisco  firewall,2024-07-19T10:42:36,DOC040
INC047,P47,vmware nsx t 3 2  software defined networking platform,step 1  identified controller failure due to software defect  nstep 2  restored configuration from backup and applied vendor patches  nstep 3  implemented enhanced wireless infrastructure monitoring  nstep 4  created wireless network architecture with improved resilience against controller failures including access point survivability features and n 1 controller redundancy model ,Resolved,wireless  controller  cisco  wifi,2024-08-02T09:05:28,DOC046
INC048,P48,schneider electric netbotz 750  environmental monitoring system,step 1  investigation revealed monitoring system database performance issues  nstep 2  optimized database and implemented data retention policies  nstep 3  enhanced resource allocation for monitoring servers  nstep 4  created performance baseline and trend analysis for monitoring infrastructure capacity planning with automated reporting on database growth and query performance metrics ,Resolved,monitoring  database  solarwinds  alerts,2024-08-15T11:45:23,DOC045
INC049,P49,apc symmetra px 80kw  ups system with network management card,step 1  packet analysis revealed pmtud issues due to icmpv6 filtering  nstep 2  corrected security policies to allow necessary icmpv6 message types  nstep 3  enhanced ipv6 monitoring and troubleshooting capabilities  nstep 4  created comprehensive ipv6 security policy guidelines with proper exception handling to balance security requirements with operational functionality ,Resolved,ipv6  routing  cisco  security,2024-08-28T14:32:42,DOC017
INC050,P50,ciena 6500  r9 0  optical transport platform,step 1  otdr testing identified physical damage to fiber paths in multiple locations  nstep 2  replaced damaged fiber segments and implemented fiber monitoring system  nstep 3  enhanced physical infrastructure protection  nstep 4  created comprehensive fiber plant documentation with test results and implemented regular proactive testing schedule with trending analysis of optical power levels to detect gradual degradation ,Resolved,fiber  datacenter  optical  ciena,2024-09-09T09:25:36,DOC050
